grid_spacing,elapsed_time
0.05,25.025400161743164
0.075,14.821927785873413
0.1,11.288494348526001
0.5,11.059807538986206
1.0,10.75656771659851
